model_selector,segment,hh,ln_hotelroomtotal,emp_bus_svcs,emp_food,emp_mil,emp_total,mtgsqft
non_mandatory,vis_bus,0.0000001,1,0.0000001,0.0000001,0.0000001,0.0000001,0.0000156
non_mandatory,vis_per,1,2174,0.0000001,0.0000001,0.0000001,0.6583,0.01578
non_mandatory,res_bus,1,0.0000001,0.2143,0.0000001,0.0000001,0.0000001,0.0000001
non_mandatory,res_per,1,0.0000001,0.0000001,2.181,0.326,0.0000001,0.0000001
