model_selector,segment,a1,a2,a3,a4,a5,a6,a7,a8,emp_ag_min,emp_ent,emp_con,emp_educ,emp_gov,emp_hlth,emp_accm,emp_oth,emp_mnf,emp_mil,emp_fin_res_mgm,emp_bus_svcs,emp_food,emp_utl,emp_whl,emp_trn_wrh
non_mandatory,vis_bus,0.006696524,0.006696524,0.006696524,0.006696524,0.006696524,0.006696524,0.006696524,0.006696524,0.014483541,0.098271367,0.006678544,0.006678544,0.017795106,0.006678544,1,0.006678544,0.006678544,0.006678544,0.010166441,0.008422493,0.006678544,0.006678544,0.006678544,0.006678544
non_mandatory,vis_per,0.019709386,0.019709386,0.019709386,0.019709386,0.019709386,0.019709386,0.019709386,0.019709386,0.014483541,0.263208742,0.003375226,0.003375226,0.003375226,0.003375226,1,0.003375226,0.003375226,0.003375226,0.003375226,0.003375226,0.003375226,0.003375226,0.003375226,0.003375226
non_mandatory,res_bus,1,0,0,0,0,0,0,0,0.014483541,0.015154491,0.015154491,0.015154491,0.015154491,0.015154491,0.015154491,0.015154491,0.015154491,0.006896072,0.013141642,0.014148067,0.015154491,0.015154491,0.015154491,0.015154491
non_mandatory,res_per,1,0,0,0,0,0,0,0,0.014483541,0.017833399,0.017833399,0.017833399,0.017833399,0.017833399,0.017833399,0.017833399,0.017833399,0.03181542,0.001482027,0.009657713,0.017833399,0.017833399,0.017833399,0.017833399
