Work,University,School,HDISTRICT
11.957301510908037,9.09970587661079,4.229272474410402,Total
