Variable,value
Tours per Person,1.4196114026448727
Trips per Person,3.9463170588898198
Stops per Person,1.2570932736546574
Trips per Household,10.76465718729691
