Purpose,Non-SENTRI
0,0.211918
1,0.054489
2,0.127754
3,0.379447
4,0.082076
5,0.144317
