Purpose,SENTRI
0,0.094789
1,0.028892
2,0.125968
3,0.521858
4,0.093134
5,0.135358
