model_selector,segment,emp_prof_bus_svcs,emp_mfg_office,emp_retail,emp_health,emp_personal_svcs_office,emp_personal_svcs_retail,emp_state_local_gov_ent,emp_fed_non_mil,emp_fed_mil,emp_state_local_gov_blue,emp_amusement,emp_hotel,emp_restaurant_bar,parkactive,beachactive
non_mandatory,work,1,0.612626394,0.786627861,0.095369162,0.960789439,0.913931185,0.72469819,0.884263663,0.186373976,0.477591268,0,0,0,0,0
non_mandatory,recreation,0,0,1,0,0,0,0,0,0,0,1.25483,1.532653,1.1241102,5.078419,7.869543
non_mandatory,dining,0,0,0,0,0,0,0,0,0,0,0,0.310366941,1,0,0
trip,work,1,0.612626394,0.786627861,0.095369162,0.960789439,0.913931185,0.72469819,0.884263663,0.186373976,0.477591268,0,0,0,0,0
trip,recreation,0,0,1,0,0,0,0,0,0,0,1.25483,1.532653,1.1241102,5.078419,7.869543
trip,dining,0,0,0,0,0,0,0,0,0,0,0,0.310366941,1,0,0
