Work,University,School,HDISTRICT
11.89052049187212,9.01759680290906,4.220305209306047,Total
