Variable,value
Tours per Person,1.4178754962918572
Trips per Person,3.934907483706645
Stops per Person,1.2499746797512923
Trips per Household,10.591008292617618
