fromZone,EITrucks
2,1103.41275716
3,2447.20200838
6,788.448
10,2482.40396
12,5905.14394
3668,3.48
3798,377.974
4525,377.974
