fromZone,EITrucks
2,952.41737172
3,2368.96095766
6,703.76
10,2260.658
12,5374.0579
3668,2.92
3798,342.098
4525,342.098
