fromZone,EITrucks
2,1255.01578398
3,2525.02703279
6,875.07
10,2707.6499
12,6443.98
3668,4.08
3798,414.91
4525,414.91
