toZone,IETrucks
2,1522.29503162
3,2552.89116298
6,1381.344
10,3539.00406
12,8583.36814
3668,2.496
3798,14.12
4525,14.12
