toZone,IETrucks
2,1154.02770361
3,2473.31874847
6,943.58
10,2738.84398
12,6691.63186
3668,1.972
3798,12.564
4525,12.564
