fromZone,EITrucks
2,1322.06417571
3,2532.47140259
6,910.914
10,2814.26792
12,6697.52198
3668,4.356
3798,430.538
4525,430.538
