fromZone,EITrucks
2,804.152724264
3,2292.19288746
6,622.94
10,2045.912
12,4858.4719
3668,2.44
3798,308.342
4525,308.342
