fromZone,EITrucks
2,1388.93705579
3,2539.55282697
6,946.758
10,2920.88594
12,6951.06396
3668,4.632
3798,446.166
4525,446.166
