fromZone,EITrucks
2,1717.04854214
3,2567.51245137
6,1082.422
10,3326.89596
12,7918.44206
3668,5.604
3798,506.234
4525,506.234
