toZone,IETrucks
2,853.580972241
3,2317.96944922
6,647.024
10,2030.26804
12,4984.67992
3668,1.546
3798,11.022
4525,11.022
