fromZone,EITrucks
2,853.580972241
3,2317.96944922
6,649.88
10,2117.494
12,5030.3339
3668,2.6
3798,319.594
4525,319.594
