fromZone,EITrucks
2,1154.02770361
3,2473.31874847
6,817.322
10,2557.48594
12,6084.75596
3668,3.68
3798,390.286
4525,390.286
