toZone,IETrucks
2,2426.2570487
3,2614.67471341
6,1720.446
10,4342.0822
12,10432.4418
3668,3.042
3798,16.886
4525,16.886
