toZone,IETrucks
2,952.41737172
3,2368.96095766
6,730.708
10,2252.83608
12,5527.39984
3668,1.682
3798,11.534
4525,11.534
