fromZone,EITrucks
2,658.453488998
3,2216.29895467
6,558.232
10,1870.95
12,4444.07394
3668,2.036
3798,277.34
4525,277.34
