fromZone,EITrucks
2,2232.59540875
3,2601.78622549
6,1197.09
10,3698.22
12,8720.54
3668,6.19
3798,559.12
4525,559.12
