fromZone,EITrucks
2,2529.166
3,0.0
6,520.464
10,1767.57
12,4201.53798
3668,1.792
3798,257.593333333
4525,257.593333333
