fromZone,EITrucks
2,706.399846171
3,2241.19707413
6,577.116
10,1922.64
12,4565.34192
3668,2.158
3798,287.215
4525,287.215
