toZone,IETrucks
2,2555.48880563
3,2623.33396397
6,1759.89
10,4440.9902
12,10671.5098
3668,3.11
3798,17.27
4525,17.27
