toZone,IETrucks
2,1001.83533941
3,2394.24141562
6,772.55
10,2364.1201
12,5798.7598
3668,1.75
3798,11.79
4525,11.79
