fromZone,EITrucks
2,1052.69107164
3,2420.86012489
6,759.574
10,2407.32198
12,5725.53192
3668,3.28
3798,365.662
4525,365.662
