toZone,IETrucks
2,2361.67668342
3,2610.36497032
6,1700.724
10,4292.6282
12,10312.9078
3668,3.008
3798,16.694
4525,16.694
