toZone,IETrucks
2,2103.35857173
3,2593.04215262
6,1620.8
10,4084.15212
12,9846.47576
3668,2.872
3798,15.922
4525,15.922
