fromZone,EITrucks
2,1522.29503162
3,2552.89116298
6,1018.446
10,3134.12198
12,7458.14792
3668,5.184
3798,477.422
4525,477.422
