fromZone,EITrucks
2,2297.12218935
3,2606.06874128
6,1211.252
10,3741.65598
12,8824.24392
3668,6.264
3798,565.744
4525,565.744
