toZone,IETrucks
2,754.707210865
3,2266.16812408
6,563.34
10,1807.7
12,4441.96
3668,1.41
3798,10.51
4525,10.51
