toZone,IETrucks
2,1909.7873061
3,2580.03325863
6,1560.08
10,3919.8
12,9505.4297
3668,2.77
3798,15.34
4525,15.34
