toZone,IETrucks
2,2167.95986637
3,2597.40719407
6,1641.04
10,4138.93616
12,9960.15778
3668,2.906
3798,16.116
4525,16.116
