toZone,IETrucks
2,1588.82944583
3,2559.24352646
6,1462.28
10,3676.5901
12,8907.4902
3668,2.59
3798,14.38
4525,14.38
