fromZone,EITrucks
2,2103.35857173
3,2593.04215262
6,1168.102
10,3601.38396
12,8523.75212
3668,6.042
3798,545.876
4525,545.876
