toZone,IETrucks
2,903.000572116
3,2343.54648659
6,688.866
10,2141.55206
12,5256.03988
3668,1.614
3798,11.278
4525,11.278
