toZone,IETrucks
2,2232.59540875
3,2601.78622549
6,1661.28
10,4193.7202
12,10073.8398
3668,2.94
3798,16.31
4525,16.31
