fromZone,EITrucks
2,1455.67136943
3,2546.34151529
6,982.602
10,3027.50396
12,7204.60594
3668,4.908
3798,461.794
4525,461.794
