toZone,IETrucks
2,2297.12218935
3,2606.06874128
6,1681.002
10,4243.1742
12,10193.3738
3668,2.974
3798,16.502
4525,16.502
