toZone,IETrucks
2,706.399846171
3,2241.19707413
6,533.318
10,1723.304
12,4228.14998
3668,1.36
3798,10.25
4525,10.25
