fromZone,EITrucks
2,1001.83533941
3,2394.24141562
6,730.7
10,2332.24
12,5545.9199
3668,3.08
3798,353.35
4525,353.35
