toZone,IETrucks
2,1588.829446
3,2559.243526
6,1462.28
10,3676.5901
12,8907.4902
1476,2.59
1153,14.38
2497,14.38
