toZone,IETrucks
2,2490.86160267
3,2618.99777517
6,1740.168
10,4391.5362
12,10551.9758
3668,3.076
3798,17.078
4525,17.078
