toZone,IETrucks
2,1255.01578398
3,2525.02703279
6,1057.6
10,2988.6599
12,7286.8799
3668,2.12
3798,13.08
4525,13.08
