toZone,IETrucks
2,1781.24478332
3,2571.67063689
6,1520.96
10,3822.51604
12,9266.2539
3668,2.698
3798,14.956
4525,14.956
