fromZone,EITrucks
2,2167.95986637
3,2597.40719407
6,1182.596
10,3649.80198
12,8622.14606
3668,6.116
3798,552.498
4525,552.498
