toZone,IETrucks
2,658.453488998
3,2216.29895467
6,503.296
10,1638.908
12,4014.33996
3668,1.31
3798,9.99
4525,9.99
