fromZone,EITrucks
2,1204.55669629
3,2499.25007708
6,846.196
10,2632.56792
12,6264.36798
3668,3.88
3798,402.598
4525,402.598
