toZone,IETrucks
2,2211.466
3,0.0
6,443.252
10,1470.116
12,3586.71992
3668,1.21
3798,9.47666666667
4525,9.47666666667
