fromZone,toZone,EETrucks
2,10,65.899975533
2,12,328.595975303
3,10,56.1077156051
3,12,279.76898902
4,6,280.078
6,4,170.532
6,12,491.634
6,3798,2.408
6,4525,2.408
10,2,58.8104516556
10,3,50.0716437208
10,3798,3.32
10,4525,3.32
12,2,335.68549918
12,3,285.805060904
12,6,898.664
12,3798,9.246
12,4525,9.246
3668,12,0.0
3798,6,4.728
3798,10,20.998
3798,12,103.638
4525,6,4.728
4525,10,20.998
4525,12,103.638
