fromZone,EITrucks
2,853.5809722
3,2317.969449
6,649.88
10,2117.494
12,5030.3339
1476,2.6
1153,319.594
2497,319.594
