fromZone,EITrucks
2,2726.372
3,0.0
6,539.348
10,1819.26
12,4322.80596
3668,1.914
3798,267.466666667
4525,267.466666667
