fromZone,EITrucks
2,1588.82944583
3,2559.24352646
6,1054.29
10,3240.74
12,7711.6899
3668,5.46
3798,493.05
4525,493.05
