fromZone,EITrucks
2,1588.829446
3,2559.243526
6,1054.29
10,3240.74
12,7711.6899
1476,5.46
1153,493.05
2497,493.05
