fromZone,EITrucks
2,2361.67668342
3,2610.36497032
6,1225.414
10,3785.09196
12,8927.94784
3668,6.338
3798,572.368
4525,572.368
