fromZone,EITrucks
2,1781.24478332
3,2571.67063689
6,1096.488
10,3369.97394
12,8021.81814
3668,5.676
3798,512.826
4525,512.826
