toZone,IETrucks
2,1652.90835205
3,2563.3699999
6,1481.84
10,3725.23208
12,9027.0781
3668,2.626
3798,14.572
4525,14.572
