toZone,IETrucks
2,853.5809722
3,2317.969449
6,647.024
10,2030.26804
12,4984.67992
1476,1.546
1153,11.022
2497,11.022
