toZone,IETrucks
2,1845.49242206
3,2575.84431739
6,1540.52
10,3871.15802
12,9385.8418
3668,2.734
3798,15.148
4525,15.148
