fromZone,EITrucks
2,903.000572116
3,2343.54648659
6,676.82
10,2189.076
12,5202.1959
3668,2.76
3798,330.846
4525,330.846
