toZone,IETrucks
2,2038.79410075
3,2588.69132745
6,1600.56
10,4029.36808
12,9732.79374
3668,2.838
3798,15.728
4525,15.728
