fromZone,EITrucks
2,1845.49242206
3,2575.84431739
6,1110.554
10,3413.05192
12,8125.19422
3668,5.748
3798,519.418
4525,519.418
