fromZone,EITrucks
2,1974.26929673
3,2584.35495032
6,1139.114
10,3504.54792
12,8326.96424
3668,5.894
3798,532.632
4525,532.632
