toZone,IETrucks
2,1322.06417571
3,2532.47140259
6,1138.536
10,3126.24594
12,7611.00196
3668,2.214
3798,13.34
4525,13.34
