toZone,IETrucks
2,1974.26929673
3,2584.35495032
6,1580.32
10,3974.58404
12,9619.11172
3668,2.804
3798,15.534
4525,15.534
