fromZone,EITrucks
2,1909.7873061
3,2580.03325863
6,1124.62
10,3456.1299
12,8228.5703
3668,5.82
3798,526.01
4525,526.01
