toZone,IETrucks
2,1455.67136943
3,2546.34151529
6,1300.408
10,3401.41802
12,8259.24608
3668,2.402
3798,13.86
4525,13.86
