fromZone,EITrucks
2,754.707210865
3,2266.16812408
6,596.0
10,1974.33
12,4686.6099
3668,2.28
3798,297.09
4525,297.09
