fromZone,EITrucks
2,2038.79410075
3,2588.69132745
6,1153.608
10,3552.96594
12,8425.35818
3668,5.968
3798,539.254
4525,539.254
