toZone,IETrucks
2,804.152724264
3,2292.19288746
6,605.182
10,1918.98402
12,4713.31996
3668,1.478
3798,10.766
4525,10.766
