fromZone,EITrucks
2,2490.86160267
3,2618.99777517
6,1253.738
10,3871.96392
12,9135.35568
3668,6.486
3798,585.616
4525,585.616
