toZone,IETrucks
2,1103.41275716
3,2447.20200838
6,886.57
10,2613.93602
12,6394.00784
3668,1.898
3798,12.306
4525,12.306
