toZone,IETrucks
2,1052.69107164
3,2420.86012489
6,829.56
10,2489.02806
12,6096.38382
3668,1.824
3798,12.048
4525,12.048
