fromZone,EITrucks
2,1652.90835205
3,2563.3699999
6,1068.356
10,3283.81798
12,7815.06598
3668,5.532
3798,499.642
4525,499.642
