fromZone,EITrucks
2,2555.48880563
3,2623.33396397
6,1267.9
10,3915.3999
12,9239.0596
3668,6.56
3798,592.24
4525,592.24
