toZone,IETrucks
2,2283.172
3,0.0
6,473.274
10,1554.512
12,3800.52994
3668,1.26
3798,9.73333333333
4525,9.73333333333
