fromZone,EITrucks
2,2426.2570487
3,2614.67471341
6,1239.576
10,3828.52794
12,9031.65176
3668,6.412
3798,578.992
4525,578.992
