toZone,IETrucks
2,1717.04854214
3,2567.51245137
6,1501.4
10,3773.87406
12,9146.666
3668,2.662
3798,14.764
4525,14.764
