toZone,IETrucks
2,1204.55669629
3,2499.25007708
6,1000.59
10,2863.75194
12,6989.25588
3668,2.046
3798,12.822
4525,12.822
