fromZone,toZone,EETrucks
2,10,85.3531011815
2,12,425.817452989
3,10,65.2468663367
3,12,325.509607201
4,6,558.98
6,4,187.89
6,12,815.56
6,3798,3.19
6,4525,3.19
10,2,76.3583982293
10,3,58.3710039118
10,3798,4.54
10,4525,4.54
12,2,434.812155941
12,3,332.385469626
12,6,1281.72
12,3798,14.84
12,4525,14.84
3668,12,0.01
3798,6,7.58
3798,10,35.39
3798,12,175.37
4525,6,7.58
4525,10,35.39
4525,12,175.37
