toZone,IETrucks
2,1388.93705579
3,2539.55282697
6,1219.472
10,3263.83198
12,7935.12402
3668,2.308
3798,13.6
4525,13.6
