HHSIZE,JOINT,freq
2,0,313276.0463
2,1,47704.98219
3,0,160346.3069
3,1,25325.59846
4,0,133000.6619
4,1,28163.58119
5,0,105721.0253
5,1,26739.12834
