NUMBER_HH,freq
2,113438.7402
3,22650.6063
4,9237.729462
5,498.048245
