"NUMBER_HH","freq"
2,113438.740186447
3,22650.6063000155
4,9237.72946194767
5,498.048245
