HHVEH,freq
0,73654.96988
1,348899.0346
2,467061.1078
3,194252.5745
4,91864.61284
