"purpose","avgDist"
"work",3.12917169775253
"univ",2.7411762766652
"sch",3.14073808301181
"esco",3.63444113446673
"imain",3.0824479478392
"idisc",2.68228227399382
"jmain",2.27743044371576
"jdisc",1.44256753717914
"atwork",0.74144921189509
"total",2.90775230897368
