PERTYPE,DAP,freq
1,H,167197.7934
2,H,34299.48781
3,H,56320.98195
4,H,130075.3169
5,H,140451.4949
6,H,28054.77168
7,H,84546.34853
8,H,61898.19885
1,M,489738.5688
2,M,76177.30974
3,M,58941.35071
6,M,0
7,M,23804.3424
8,M,237188.844
1,N,43329.35429
2,N,495004.8104
3,N,110616.3319
4,N,71630.16713
5,N,232623.969
6,N,241830.2078
7,N,45501.76131
8,N,98985.98883
,,68405.94365
