HHSIZE,JOINT,freq
2,0,296688.5499
2,1+,75040.66855
3,0,160283.1856
3,1+,51704.666
4,0,145334.7508
4,1+,36800.33969
5,0,116726.3244
5,1+,36879.96067
