"HHSIZE","freq"
1,271379.507654225
2,373846.379715488
3,210755.67934461
4,179800.501199681
5,153413.076368595
