"HHSIZE","freq"
1,256273.853911374
2,371729.218493016
3,211987.85161135
4,182135.090522101
5,153606.285123207
