HHSIZE,JOINT,freq
2,0,321502.1131
2,1,52344.26662
3,0,179338.6356
3,1,31417.04373
4,0,152986.2389
4,1,26814.26226
5,0,142332.2732
5,1,11080.80315
