HHSIZE,JOINT,freq
2,0,296688.5499
2,1,67266.525
2,2+,7774.143547
3,0,160282.5417
3,1,47217.92946
3,2+,4486.528837
4,0,145334.7577
4,1,30051.90902
4,2+,6748.427834
5,0,116726.3336
5,1,31172.66283
5,2+,5707.297375
