tour_composition,NUMBER_HH,freq
All Adult,2,99.18629062
Mixed,2,53.16646515
All Adult,3,0.801963954
Mixed,3,28.08674088
All Adult,4,0.011745422
Mixed,4,11.24932221
All Adult,5,0
Mixed,5,7.497471764
