jointCat,HHSIZE,freq
0,2,85.99845566
1,2,11.84530197
2,2,2.156242368
0,3,85.0931449
1,3,13.50484412
2,3,1.402010983
0,4,85.08665878
1,4,13.97051108
2,4,0.942830144
0,5,92.77714559
1,5,6.711084074
2,5,0.511770335
