"NUMBER_HH","freq"
2,275068.521644909
3,31304.9964437792
4,11854.5148255757
5,7883.52461321334
