"NUMBER_HH","freq"
2,158207.985454938
3,14707.5671871661
4,1688.14563493812
5,0
