Work,University,School,HDISTRICT
34.53119893711392,9.202306257628898,7.786526670103786,Total
