Work,University,School,HDISTRICT
10.78995401,8.146078762,3.52989539,Total
