District,Work,Univ,Schl
1,13.3008667,9.655532081,5.145598465
2,9.536733831,8.018627759,3.527790132
3,8.908437715,4.952049129,2.751073499
4,12.26174472,14.31052758,3.616246526
5,11.80685471,11.65061099,4.310500896
6,12.54422185,9.348736461,3.535452001
7,9.950244978,10.87352232,4.16261882
8,54.60480406,36.83964157,0
Total,10.78995401,8.146078762,3.52989539
