PERTYPE,active_persons,tours,tour_rate
1: Full-Time Worker,1140725.683,1788434.319,1.567804027
2: Part-Time Worker,160366.1853,279230.4179,1.741205089
3: University Student,151037.7548,219870.5819,1.455732589
4: Non-Worker,199756.1229,295110.3445,1.477353185
5: Retiree,361866.8526,609464.5583,1.684223227
6: Driving Aged Student,82767.90306,92895.21221,1.122357928
7: Non-Driving Aged Student,369180.1798,436825.3281,1.183230715
8: Child To Young for School,134563.1109,141310.6015,1.050143687
Total,2600263.792,3863141.363,1.485672867
