Variable,value
Population,3262207.01631011
Households,1175732.29966105
Tours,4760938.85225398
Trips,13783608.0679935
Stops,4112956.0
VMT,48825633.0659408
