District,Workers,WFH,%WFH
1: Downtown,9586.392181,1252.292195,0.130632272
2: Central,356778.1369,58153.36553,0.162995878
3: North City,439098.7195,82519.37164,0.187928974
4: South Suburban,151187.3997,12107.98165,0.080085918
5: East Suburban,219676.6888,39211.98039,0.178498595
6: North County West,226980.2978,52999.37344,0.233497682
7: North County East,173595.2599,42776.01639,0.246412353
8: East County,6547.800028,0,0
Total,1583450.695,289020.3812,0.182525659
