District,Workers,WFH,%WFH
1: Downtown,9586.392181,641.9203569,0.066961621
2: Central,356778.1369,29809.20053,0.083551085
3: North City,439098.7195,42299.12533,0.096331698
4: South Suburban,151187.3997,6206.506705,0.041051746
5: East Suburban,219676.6888,20099.91642,0.091497721
6: North County West,226980.2978,27167.2832,0.11969005
7: North County East,173595.2599,21926.82811,0.126310062
8: East County,6547.800028,0,0
Total,1583450.695,148150.7807,0.093561979
