District,Workers,WFH,%WFH
1: Downtown,11794.00376,3281.903103,0.278268785
2: Central,261306.29,41335.0073,0.15818604
3: North City,495722.8434,75267.28759,0.151833406
4: South Suburban,308479.5866,32024.59477,0.103814308
5: East Suburban,236632.9559,26012.06882,0.109925808
6: North County West,175423.3054,16109.40781,0.091831629
7: North County East,112298.6341,8292.357655,0.073842017
8: East County,1993.371129,0,0
Total,1603650.99,364343.6722,0.227196363
