Work,University,School,HDISTRICT
22.463366592187008,19.02819719163988,21.416089249651563,Total
