Variable,value
Tours per Person,1.4164561449085702
Trips per Person,3.8808781701177666
Stops per Person,1.2151033630471493
Trips per Household,10.500095661092047
