coefficient_name,value,constrain
coef_dist_to_nearest_ext_station,-0.04151505183872073,F
coef_size_of_nearest_ext_station,0.6876053000257996,F
coef_part_time,0.0,T
asc_external_worker,-8.893368954348498,F
coef_agriculture,0.0,F
asc_external_2016,0.7125035419782146,F
coef_inc_lt15,-2.134111377082878,F
coef_inc_25_50,-0.6070080405622191,F
coef_inc_250plus,1.2223753836843638,F
coef_dist_lt_2p5,2.1339680761866213,F
coef_inc_15_25,-1.2482142432285748,F
coef_inc_150_250,0.8274942646054239,F
