"COMPOSITION","freq"
"All Adult",84022.6794366881
"All Children",31.014825
"Mixed",61771.4299317217
