"PERTYPE","freq"
1,1560753.21672001
2,318295.03241059
3,410246.605522726
4,429207.79931483
5,260892.682885124
6,115853.790881216
7,467353.448541667
8,184284.275285
