index,workers,nonmand_tours,joint_tours
0,0.031914893617021274,0.031189083820662766,0.06896551724137931
