Work,University,School,HDISTRICT
11.847659312553672,9.006220074638419,4.239504034680898,Total
