Variable,value
Tours per Person,1.4291590743274332
Trips per Person,3.971615374623519
Stops per Person,1.263494434577607
Trips per Household,10.74559404717036
