telecommute_frequency,freq
0 Days/Week,230983.7398373984
1 Day/Week,540703.2520325204
2-3 Days/Week,339223.5772357724
4 Days/Week,254772.35772357727
